{
    "Stage7": {
        "Switch0": {
            "SwitchPosition": [
                15.800000190734863,
                -10.699999809265137,
                0.0
            ],
            "Type": 1,
            "WallPosition": [
                24.100000381469727,
                -7.400000095367432,
                0.0
            ],
            "WallScale": [
                1.0,
                4.800000190734863,
                1.0
            ]
        },
        "Switch1": {
            "SwitchPosition": [
                -15.800000190734863,
                -10.699999809265137,
                0.0
            ],
            "Type": 1,
            "WallPosition": [
                -24.100000381469727,
                -8.0,
                0.0
            ],
            "WallScale": [
                1.0,
                4.800000190734863,
                1.0
            ]
        }
    }
}
