{
    "Stage6": {
        "Switch0": {
            "SwitchPosition": [
                -14.0,
                -10.600000381469727,
                0.0
            ],
            "Type": 0,
            "WallPosition": [
                -35.900001525878906,
                -6.699999809265137,
                0.0
            ],
            "WallScale": [
                1.0,
                4.199999809265137,
                5.099999904632568
            ]
        },
        "Switch1": {
            "SwitchPosition": [
                15.100000381469727,
                -10.699999809265137,
                0.0
            ],
            "Type": 0,
            "WallPosition": [
                35.900001525878906,
                -6.800000190734863,
                0.0
            ],
            "WallScale": [
                1.0,
                4.300000190734863,
                6.5
            ]
        }
    }
}
