{
    "Stage8": {
        "Switch0": {
            "SwitchPosition": [
                -22.700000762939453,
                -1.7999999523162842,
                0.0
            ],
            "Type": 1,
            "WallPosition": [
                21.700000762939453,
                -7.800000190734863,
                0.0
            ],
            "WallScale": [
                1.0,
                3.799999952316284,
                1.0
            ]
        },
        "Switch1": {
            "SwitchPosition": [
                29.200000762939453,
                -10.600000381469727,
                0.0
            ],
            "Type": 0,
            "WallPosition": [
                -3.0999999046325684,
                -5.900000095367432,
                0.0
            ],
            "WallScale": [
                1.0,
                7.0,
                1.0
            ]
        }
    }
}
