{
    "Stage9": {
        "Switch0": {
            "SwitchPosition": [
                11.699999809265137,
                -2.5,
                0.0
            ],
            "Type": 0,
            "WallPosition": [
                -35.099998474121094,
                9.399999618530273,
                0.0
            ],
            "WallScale": [
                1.0,
                8.0,
                1.0
            ]
        },
        "Switch1": {
            "SwitchPosition": [
                26.799999237060547,
                1.600000023841858,
                0.0
            ],
            "Type": 1,
            "WallPosition": [
                -25.299999237060547,
                -6.0,
                0.0
            ],
            "WallScale": [
                1.0,
                5.400000095367432,
                1.0
            ]
        },
        "Switch2": {
            "SwitchPosition": [
                -29.700000762939453,
                -10.699999809265137,
                0.0
            ],
            "Type": 1,
            "WallPosition": [
                25.299999237060547,
                -6.0,
                0.0
            ],
            "WallScale": [
                1.0,
                5.400000095367432,
                1.0
            ]
        }
    }
}
