{
    "Stage9": {
        "Enemy0": {
            "Position": [
                -10.899999618530273,
                -1.7000000476837158,
                0.0
            ]
        },
        "Enemy1": {
            "Position": [
                -28.799999237060547,
                2.4000000953674316,
                0.0
            ]
        },
        "Enemy2": {
            "Position": [
                31.399999618530273,
                -10.0,
                0.0
            ]
        }
    }
}
