{
    "Stage5": {
        "Enemy0": {
            "Position": [
                0.0,
                5.300000190734863,
                1.1995114854620434e-41
            ]
        },
        "Enemy1": {
            "Position": [
                -16.299999237060547,
                -0.8999999761581421,
                1.325628347251277e-40
            ]
        },
        "Enemy2": {
            "Position": [
                17.0,
                -2.0999999046325684,
                2.427048940210583e-41
            ]
        }
    }
}
