{
    "Stage2": {
        "Enemy0": {
            "Position": [
                11.600000381469727,
                -10.0,
                6.112463901384852e-41
            ]
        },
        "Enemy1": {
            "Position": [
                -15.700003623962402,
                -10.0,
                7.016301410874359e-41
            ]
        }
    }
}
