{
    "Stage4": {
        "Enemy0": {
            "Position": [
                -0.5,
                0.8999999761581421,
                4.175869423687955e-42
            ]
        },
        "Enemy1": {
            "Position": [
                -14.399999618530273,
                -10.0,
                7.134010481877644e-41
            ]
        },
        "Enemy2": {
            "Position": [
                14.600000381469727,
                -4.0,
                1.8497139729087585e-42
            ]
        }
    }
}
