{
    "Stage2": {
        "Enemy0": {
            "Position": [
                10.0,
                -10.0,
                3.0436202645135027e-41
            ]
        },
        "Enemy1": {
            "Position": [
                -10.0,
                -10.0,
                3.5649032932423346e-41
            ]
        }
    }
}
