{
    "Stage3": {
        "Enemy0": {
            "Position": [
                10.800006866455078,
                -3.299999952316284,
                2.2308671552051088e-41
            ]
        },
        "Enemy1": {
            "Position": [
                -10.0,
                -3.299999952316284,
                1.248556931713412e-41
            ]
        }
    }
}
