{
    "Stage5": {
        "Enemy0": {
            "Position": [
                -0.8000000715255737,
                -4.470348358154297e-08,
                9.893167158133209e-42
            ]
        },
        "Enemy1": {
            "Position": [
                -16.299999237060547,
                -4.0,
                1.1591540896894887e-40
            ]
        },
        "Enemy2": {
            "Position": [
                17.0,
                -10.0,
                1.14906474074635e-42
            ]
        }
    }
}
