{
    "Stage4": {
        "Enemy0": {
            "Position": [
                10.0,
                -1.7999999523162842,
                2.4074307617100357e-41
            ]
        },
        "Enemy1": {
            "Position": [
                -10.0,
                -1.7999999523162842,
                2.2252619613478095e-41
            ]
        }
    }
}
