{
    "Stage5": {
        "Enemy0": {
            "Position": [
                0.0,
                5.5,
                1.1995114854620434e-41
            ]
        },
        "Enemy1": {
            "Position": [
                -16.299999237060547,
                -1.100000023841858,
                1.325628347251277e-40
            ]
        },
        "Enemy2": {
            "Position": [
                17.0,
                -1.2000000476837158,
                2.427048940210583e-41
            ]
        }
    }
}
