{
    "Stage6": {
        "Enemy0": {
            "Position": [
                -27.200000762939453,
                -10.0,
                0.0
            ]
        },
        "Enemy1": {
            "Position": [
                30.600000381469727,
                -10.0,
                0.0
            ]
        }
    }
}
