{
    "Stage4": {
        "Enemy0": {
            "Position": [
                0.0,
                0.0,
                4.259947331547444e-42
            ]
        },
        "Enemy1": {
            "Position": [
                -15.399999618530273,
                -10.0,
                8.644610226419797e-41
            ]
        },
        "Enemy2": {
            "Position": [
                14.800000190734863,
                -4.0,
                1.8497139729087585e-42
            ]
        }
    }
}
