{
    "Stage3": {
        "Enemy0": {
            "Position": [
                10.0,
                -4.0,
                2.2378736475267329e-41
            ]
        },
        "Enemy1": {
            "Position": [
                -10.0,
                -4.0,
                1.255563424035036e-41
            ]
        }
    }
}
