{
    "Stage2": {
        "Enemy0": {
            "Position": [
                0.0,
                2.0,
                0.0
            ]
        },
        "Enemy1": {
            "Position": [
                10.0,
                -10.0,
                2.6330398144663313e-41
            ]
        },
        "Enemy2": {
            "Position": [
                -10.0,
                -10.0,
                2.397621672459762e-41
            ]
        }
    }
}
