{
    "Stage4": {
        "Enemy0": {
            "Position": [
                -0.8000000715255737,
                -4.470348358154297e-08,
                9.893167158133209e-42
            ]
        },
        "Enemy1": {
            "Position": [
                -15.099998474121094,
                -3.5999999046325684,
                1.1585935703037588e-40
            ]
        }
    }
}
