{
    "Player": {
        "Gravity": 0.054999999701976776,
        "JumpFirstSpeed": 1.0,
        "MovementRestrictionTime": 600,
        "Speed": 0.30000001192092896
    }
}
