{
    "Player": {
        "Gravity": 0.05000000074505806,
        "JumpFirstSpeed": 1.0,
        "MovementRestrictionTime": 600,
        "Speed": 0.30000001192092896
    }
}
