{
    "Weapon": {
        "Offset": [
            0.0,
            0.4000000059604645,
            0.6909999847412109
        ],
        "Scale": [
            0.10000000149011612,
            3.0,
            1.0770000219345093
        ]
    }
}
