{
    "Weapon": {
        "Offset": [
            0.0,
            0.6000000238418579,
            1.0759999752044678
        ],
        "Scale": [
            0.10000000149011612,
            1.399999976158142,
            1.0770000219345093
        ]
    }
}
