{
    "Stage8": {
        "Block1": {
            "Position": [
                28.299999237060547,
                -3.0,
                0.0
            ],
            "Scale": [
                8.0,
                1.0,
                1.0
            ]
        },
        "Block2": {
            "Position": [
                -28.200000762939453,
                -3.0,
                0.0
            ],
            "Scale": [
                8.0,
                1.0,
                1.0
            ]
        },
        "Block3": {
            "Position": [
                0.0,
                2.0999999046325684,
                0.0
            ],
            "Scale": [
                14.0,
                1.0,
                1.0
            ]
        },
        "Block4": {
            "Position": [
                -35.099998474121094,
                -8.100000381469727,
                0.0
            ],
            "Scale": [
                1.0,
                4.400000095367432,
                1.0
            ]
        }
    }
}
