{
    "Stage2": {
        "Block1": {
            "Position": [
                26.399999618530273,
                -0.8999999761581421,
                -2.0
            ],
            "Scale": [
                1.0,
                10.0,
                6.0
            ]
        },
        "Block2": {
            "Position": [
                0.0,
                -4.0,
                0.0
            ],
            "Scale": [
                6.0,
                1.0,
                1.0
            ]
        }
    }
}
