{
    "Stage5": {
        "Block1": {
            "Position": [
                0.0,
                3.299999952316284,
                0.0
            ],
            "Scale": [
                7.0,
                1.0,
                1.0
            ]
        },
        "Block2": {
            "Position": [
                15.0,
                -3.9000000953674316,
                0.0
            ],
            "Scale": [
                5.0,
                1.0,
                1.0
            ]
        },
        "Block3": {
            "Position": [
                -15.0,
                -2.799999952316284,
                0.0
            ],
            "Scale": [
                5.0,
                1.0,
                1.0
            ]
        }
    }
}
