{
    "Stage7": {
        "Block1": {
            "Position": [
                29.100000381469727,
                -3.0,
                0.0
            ],
            "Scale": [
                7.0,
                1.0,
                1.0
            ]
        },
        "Block2": {
            "Position": [
                -29.200000762939453,
                -3.0,
                0.0
            ],
            "Scale": [
                7.0,
                1.0,
                1.0
            ]
        },
        "Block3": {
            "Position": [
                -35.099998474121094,
                -7.900000095367432,
                0.0
            ],
            "Scale": [
                1.0,
                4.0,
                1.0
            ]
        },
        "Block4": {
            "Position": [
                35.099998474121094,
                -7.699999809265137,
                0.0
            ],
            "Scale": [
                1.0,
                4.0,
                1.0
            ]
        }
    }
}
