{
    "Stage9": {
        "Block1": {
            "Position": [
                -30.200000762939453,
                0.4000000059604645,
                0.0
            ],
            "Scale": [
                6.0,
                1.0,
                1.0
            ]
        },
        "Block2": {
            "Position": [
                -11.5,
                -3.700000047683716,
                0.0
            ],
            "Scale": [
                5.5,
                1.0,
                1.0
            ]
        },
        "Block3": {
            "Position": [
                11.5,
                -3.700000047683716,
                0.0
            ],
            "Scale": [
                5.5,
                1.0,
                1.0
            ]
        },
        "Block4": {
            "Position": [
                30.200000762939453,
                0.4000000059604645,
                0.0
            ],
            "Scale": [
                6.0,
                1.0,
                1.0
            ]
        },
        "Block5": {
            "Position": [
                35.099998474121094,
                -5.800000190734863,
                0.0
            ],
            "Scale": [
                1.0,
                5.199999809265137,
                1.0
            ]
        }
    }
}
