{
    "Stage4": {
        "Block1": {
            "Position": [
                10.0,
                -3.5999999046325684,
                0.0
            ],
            "Scale": [
                4.0,
                1.0,
                1.0
            ]
        },
        "Block2": {
            "Position": [
                -10.0,
                -3.5999999046325684,
                0.0
            ],
            "Scale": [
                4.0,
                1.0,
                1.0
            ]
        }
    }
}
